Zone;Annee;Valeur
Afghanistan;2012-2014;8.6
Afghanistan;2013-2015;8.8
Afghanistan;2014-2016;8.9
Afghanistan;2015-2017;9.7
Afghanistan;2016-2018;10.5
Afghanistan;2017-2019;11.1
Afrique du Sud;2012-2014;2.2
Afrique du Sud;2013-2015;2.5
Afrique du Sud;2014-2016;2.8
Afrique du Sud;2015-2017;3
Afrique du Sud;2016-2018;3.1
Afrique du Sud;2017-2019;3.3
Albanie;2012-2014;0.1
Albanie;2013-2015;0.1
Albanie;2014-2016;0.1
Albanie;2015-2017;0.1
Albanie;2016-2018;0.1
Albanie;2017-2019;0.1
Algérie;2012-2014;1.3
Algérie;2013-2015;1.3
Algérie;2014-2016;1.3
Algérie;2015-2017;1.3
Algérie;2016-2018;1.3
Algérie;2017-2019;1.2
Allemagne;2012-2014;0
Allemagne;2013-2015;0
Allemagne;2014-2016;0
Allemagne;2015-2017;0
Allemagne;2016-2018;0
Allemagne;2017-2019;0
Andorre;2012-2014;0
Andorre;2013-2015;0
Andorre;2014-2016;0
Andorre;2015-2017;0
Andorre;2016-2018;0
Andorre;2017-2019;0
Angola;2012-2014;7.6
Angola;2013-2015;6.2
Angola;2014-2016;5.3
Angola;2015-2017;5.6
Angola;2016-2018;5.8
Angola;2017-2019;5.7
Antigua-et-Barbuda;2012-2014;0
Antigua-et-Barbuda;2013-2015;0
Antigua-et-Barbuda;2014-2016;0
Antigua-et-Barbuda;2015-2017;0
Antigua-et-Barbuda;2016-2018;0
Antigua-et-Barbuda;2017-2019;0
Arabie saoudite;2012-2014;1.5
Arabie saoudite;2013-2015;1.5
Arabie saoudite;2014-2016;1.5
Arabie saoudite;2015-2017;1.5
Arabie saoudite;2016-2018;1.6
Arabie saoudite;2017-2019;1.6
Argentine;2012-2014;1.2
Argentine;2013-2015;0
Argentine;2014-2016;1.1
Argentine;2015-2017;1.3
Argentine;2016-2018;1.5
Argentine;2017-2019;1.7
Arménie;2012-2014;0
Arménie;2013-2015;0
Arménie;2014-2016;0
Arménie;2015-2017;0
Arménie;2016-2018;0
Arménie;2017-2019;0
Australie;2012-2014;0
Australie;2013-2015;0
Australie;2014-2016;0
Australie;2015-2017;0
Australie;2016-2018;0
Australie;2017-2019;0
Autriche;2012-2014;0
Autriche;2013-2015;0
Autriche;2014-2016;0
Autriche;2015-2017;0
Autriche;2016-2018;0
Autriche;2017-2019;0
Azerbaïdjan;2012-2014;0
Azerbaïdjan;2013-2015;0
Azerbaïdjan;2014-2016;0
Azerbaïdjan;2015-2017;0
Azerbaïdjan;2016-2018;0
Azerbaïdjan;2017-2019;0
Bahamas;2012-2014;0
Bahamas;2013-2015;0
Bahamas;2014-2016;0
Bahamas;2015-2017;0
Bahamas;2016-2018;0
Bahamas;2017-2019;0
Bahreïn;2012-2014;0
Bahreïn;2013-2015;0
Bahreïn;2014-2016;0
Bahreïn;2015-2017;0
Bahreïn;2016-2018;0
Bahreïn;2017-2019;0
Bangladesh;2012-2014;21.7
Bangladesh;2013-2015;22.4
Bangladesh;2014-2016;23.3
Bangladesh;2015-2017;22.3
Bangladesh;2016-2018;21.5
Bangladesh;2017-2019;20.9
Barbade;2012-2014;0
Barbade;2013-2015;0
Barbade;2014-2016;0
Barbade;2015-2017;0
Barbade;2016-2018;0
Barbade;2017-2019;0
Bélarus;2012-2014;0
Bélarus;2013-2015;0
Bélarus;2014-2016;0
Bélarus;2015-2017;0
Bélarus;2016-2018;0
Bélarus;2017-2019;0
Belgique;2012-2014;0
Belgique;2013-2015;0
Belgique;2014-2016;0
Belgique;2015-2017;0
Belgique;2016-2018;0
Belgique;2017-2019;0
Belize;2012-2014;0
Belize;2013-2015;0
Belize;2014-2016;0
Belize;2015-2017;0
Belize;2016-2018;0
Belize;2017-2019;0
Bénin;2012-2014;0.8
Bénin;2013-2015;0.8
Bénin;2014-2016;0.8
Bénin;2015-2017;0.8
Bénin;2016-2018;0.8
Bénin;2017-2019;0.8
Bermudes;2012-2014;0
Bermudes;2013-2015;0
Bermudes;2014-2016;0
Bermudes;2015-2017;0
Bermudes;2016-2018;0
Bermudes;2017-2019;0
Bhoutan;2012-2014;0
Bhoutan;2013-2015;0
Bhoutan;2014-2016;0
Bhoutan;2015-2017;0
Bhoutan;2016-2018;0
Bhoutan;2017-2019;0
Bolivie (État plurinational de);2012-2014;2
Bolivie (État plurinational de);2013-2015;1.9
Bolivie (État plurinational de);2014-2016;1.8
Bolivie (État plurinational de);2015-2017;1.7
Bolivie (État plurinational de);2016-2018;1.7
Bolivie (État plurinational de);2017-2019;1.8
Bosnie-Herzégovine;2012-2014;0
Bosnie-Herzégovine;2013-2015;0
Bosnie-Herzégovine;2014-2016;0
Bosnie-Herzégovine;2015-2017;0
Bosnie-Herzégovine;2016-2018;0
Bosnie-Herzégovine;2017-2019;0
Botswana;2012-2014;0.4
Botswana;2013-2015;0.4
Botswana;2014-2016;0.4
Botswana;2015-2017;0.4
Botswana;2016-2018;0.5
Botswana;2017-2019;0.5
Brésil;2012-2014;0
Brésil;2013-2015;0
Brésil;2014-2016;0
Brésil;2015-2017;0
Brésil;2016-2018;0
Brésil;2017-2019;0
Brunéi Darussalam;2012-2014;0
Brunéi Darussalam;2013-2015;0
Brunéi Darussalam;2014-2016;0
Brunéi Darussalam;2015-2017;0
Brunéi Darussalam;2016-2018;0
Brunéi Darussalam;2017-2019;0
Bulgarie;2012-2014;0.3
Bulgarie;2013-2015;0.3
Bulgarie;2014-2016;0.2
Bulgarie;2015-2017;0.2
Bulgarie;2016-2018;0.2
Bulgarie;2017-2019;0.2
Burkina Faso;2012-2014;3.1
Burkina Faso;2013-2015;3.1
Burkina Faso;2014-2016;3.2
Burkina Faso;2015-2017;3.4
Burkina Faso;2016-2018;3.6
Burkina Faso;2017-2019;3.8
Burundi;2012-2014;0
Burundi;2013-2015;0
Burundi;2014-2016;0
Burundi;2015-2017;0
Burundi;2016-2018;0
Burundi;2017-2019;0
Cabo Verde;2012-2014;0
Cabo Verde;2013-2015;0
Cabo Verde;2014-2016;0
Cabo Verde;2015-2017;0
Cabo Verde;2016-2018;0
Cabo Verde;2017-2019;0.1
Cambodge;2012-2014;2.1
Cambodge;2013-2015;2.3
Cambodge;2014-2016;2.4
Cambodge;2015-2017;2.4
Cambodge;2016-2018;2.4
Cambodge;2017-2019;2.4
Cameroun;2012-2014;1.5
Cameroun;2013-2015;1.5
Cameroun;2014-2016;1.6
Cameroun;2015-2017;1.6
Cameroun;2016-2018;1.6
Cameroun;2017-2019;1.6
Canada;2012-2014;0
Canada;2013-2015;0
Canada;2014-2016;0
Canada;2015-2017;0
Canada;2016-2018;0
Canada;2017-2019;0
Chili;2012-2014;0.6
Chili;2013-2015;0.6
Chili;2014-2016;0.6
Chili;2015-2017;0.6
Chili;2016-2018;0.6
Chili;2017-2019;0.7
Chine - RAS de Hong-Kong;2012-2014;0
Chine - RAS de Hong-Kong;2013-2015;0
Chine - RAS de Hong-Kong;2014-2016;0
Chine - RAS de Hong-Kong;2015-2017;0
Chine - RAS de Hong-Kong;2016-2018;0
Chine - RAS de Hong-Kong;2017-2019;0
Chine - RAS de Macao;2012-2014;0
Chine - RAS de Macao;2013-2015;0
Chine - RAS de Macao;2014-2016;0
Chine - RAS de Macao;2015-2017;0
Chine - RAS de Macao;2016-2018;0
Chine - RAS de Macao;2017-2019;0
Chine- continentale;2012-2014;0
Chine- continentale;2013-2015;0
Chine- continentale;2014-2016;0
Chine- continentale;2015-2017;0
Chine- continentale;2016-2018;0
Chine- continentale;2017-2019;0
Chine- Taiwan Province de;2012-2014;0.9
Chine- Taiwan Province de;2013-2015;0.9
Chine- Taiwan Province de;2014-2016;0.9
Chine- Taiwan Province de;2015-2017;0.9
Chine- Taiwan Province de;2016-2018;0.9
Chine- Taiwan Province de;2017-2019;0.8
Chypre;2012-2014;0
Chypre;2013-2015;0
Chypre;2014-2016;0
Chypre;2015-2017;0
Chypre;2016-2018;0
Chypre;2017-2019;0
Colombie;2012-2014;3.9
Colombie;2013-2015;3.4
Colombie;2014-2016;3.1
Colombie;2015-2017;2.8
Colombie;2016-2018;2.7
Colombie;2017-2019;2.7
Comores;2012-2014;0
Comores;2013-2015;0
Comores;2014-2016;0
Comores;2015-2017;0
Comores;2016-2018;0
Comores;2017-2019;0
Congo;2012-2014;1.4
Congo;2013-2015;1.2
Congo;2014-2016;1.2
Congo;2015-2017;1.3
Congo;2016-2018;1.4
Congo;2017-2019;1.5
Costa Rica;2012-2014;0.2
Costa Rica;2013-2015;0.2
Costa Rica;2014-2016;0.2
Costa Rica;2015-2017;0.2
Costa Rica;2016-2018;0.2
Costa Rica;2017-2019;0.2
Côte d'Ivoire;2012-2014;4.8
Côte d'Ivoire;2013-2015;4.6
Côte d'Ivoire;2014-2016;4.6
Côte d'Ivoire;2015-2017;4.6
Côte d'Ivoire;2016-2018;4.9
Côte d'Ivoire;2017-2019;5
Croatie;2012-2014;0
Croatie;2013-2015;0
Croatie;2014-2016;0
Croatie;2015-2017;0
Croatie;2016-2018;0
Croatie;2017-2019;0
Cuba;2012-2014;0
Cuba;2013-2015;0
Cuba;2014-2016;0
Cuba;2015-2017;0
Cuba;2016-2018;0
Cuba;2017-2019;0
Danemark;2012-2014;0
Danemark;2013-2015;0
Danemark;2014-2016;0
Danemark;2015-2017;0
Danemark;2016-2018;0
Danemark;2017-2019;0
Djibouti;2012-2014;0
Djibouti;2013-2015;0
Djibouti;2014-2016;0
Djibouti;2015-2017;0
Djibouti;2016-2018;0
Djibouti;2017-2019;0
Dominique;2012-2014;0
Dominique;2013-2015;0
Dominique;2014-2016;0
Dominique;2015-2017;0
Dominique;2016-2018;0
Dominique;2017-2019;0
Égypte;2012-2014;4.4
Égypte;2013-2015;4.3
Égypte;2014-2016;4.2
Égypte;2015-2017;4.5
Égypte;2016-2018;4.6
Égypte;2017-2019;4.6
El Salvador;2012-2014;0.7
El Salvador;2013-2015;0.7
El Salvador;2014-2016;0.7
El Salvador;2015-2017;0.6
El Salvador;2016-2018;0.6
El Salvador;2017-2019;0.6
Émirats arabes unis;2012-2014;0.3
Émirats arabes unis;2013-2015;0.3
Émirats arabes unis;2014-2016;0.3
Émirats arabes unis;2015-2017;0.3
Émirats arabes unis;2016-2018;0.3
Émirats arabes unis;2017-2019;0.3
Équateur;2012-2014;2.3
Équateur;2013-2015;1.9
Équateur;2014-2016;1.4
Équateur;2015-2017;1.5
Équateur;2016-2018;1.5
Équateur;2017-2019;1.5
Érythrée;2012-2014;0
Érythrée;2013-2015;0
Érythrée;2014-2016;0
Érythrée;2015-2017;0
Érythrée;2016-2018;0
Érythrée;2017-2019;0
Espagne;2012-2014;0
Espagne;2013-2015;0
Espagne;2014-2016;0
Espagne;2015-2017;0
Espagne;2016-2018;0
Espagne;2017-2019;0
Estonie;2012-2014;0
Estonie;2013-2015;0
Estonie;2014-2016;0
Estonie;2015-2017;0
Estonie;2016-2018;0
Estonie;2017-2019;0
Eswatini;2012-2014;0.1
Eswatini;2013-2015;0.2
Eswatini;2014-2016;0.2
Eswatini;2015-2017;0.2
Eswatini;2016-2018;0.2
Eswatini;2017-2019;0.2
États-Unis d'Amérique;2012-2014;0
États-Unis d'Amérique;2013-2015;0
États-Unis d'Amérique;2014-2016;0
États-Unis d'Amérique;2015-2017;0
États-Unis d'Amérique;2016-2018;0
États-Unis d'Amérique;2017-2019;0
Éthiopie;2012-2014;26.2
Éthiopie;2013-2015;24.3
Éthiopie;2014-2016;21.7
Éthiopie;2015-2017;21.3
Éthiopie;2016-2018;21.1
Éthiopie;2017-2019;21.5
Fédération de Russie;2012-2014;0
Fédération de Russie;2013-2015;0
Fédération de Russie;2014-2016;0
Fédération de Russie;2015-2017;0
Fédération de Russie;2016-2018;0
Fédération de Russie;2017-2019;0
Fidji;2012-2014;0
Fidji;2013-2015;0
Fidji;2014-2016;0
Fidji;2015-2017;0
Fidji;2016-2018;0
Fidji;2017-2019;0
Finlande;2012-2014;0
Finlande;2013-2015;0
Finlande;2014-2016;0
Finlande;2015-2017;0
Finlande;2016-2018;0
Finlande;2017-2019;0
France;2012-2014;0
France;2013-2015;0
France;2014-2016;0
France;2015-2017;0
France;2016-2018;0
France;2017-2019;0
Gabon;2012-2014;0.3
Gabon;2013-2015;0.3
Gabon;2014-2016;0.3
Gabon;2015-2017;0.3
Gabon;2016-2018;0.3
Gabon;2017-2019;0.4
Gambie;2012-2014;0.2
Gambie;2013-2015;0.2
Gambie;2014-2016;0.2
Gambie;2015-2017;0.3
Gambie;2016-2018;0.3
Gambie;2017-2019;0.3
Géorgie;2012-2014;0.2
Géorgie;2013-2015;0.2
Géorgie;2014-2016;0.2
Géorgie;2015-2017;0.2
Géorgie;2016-2018;0.3
Géorgie;2017-2019;0.3
Ghana;2012-2014;1.9
Ghana;2013-2015;2.1
Ghana;2014-2016;2.1
Ghana;2015-2017;2.1
Ghana;2016-2018;2
Ghana;2017-2019;1.9
Grèce;2012-2014;0
Grèce;2013-2015;0
Grèce;2014-2016;0
Grèce;2015-2017;0
Grèce;2016-2018;0
Grèce;2017-2019;0
Grenade;2012-2014;0
Grenade;2013-2015;0
Grenade;2014-2016;0
Grenade;2015-2017;0
Grenade;2016-2018;0
Grenade;2017-2019;0
Groenland;2012-2014;0
Groenland;2013-2015;0
Groenland;2014-2016;0
Groenland;2015-2017;0
Groenland;2016-2018;0
Groenland;2017-2019;0
Guatemala;2012-2014;2.9
Guatemala;2013-2015;2.8
Guatemala;2014-2016;2.8
Guatemala;2015-2017;2.7
Guatemala;2016-2018;2.7
Guatemala;2017-2019;2.8
Guinée;2012-2014;0
Guinée;2013-2015;0
Guinée;2014-2016;0
Guinée;2015-2017;0
Guinée;2016-2018;0
Guinée;2017-2019;0
Guinée équatoriale;2012-2014;0
Guinée équatoriale;2013-2015;0
Guinée équatoriale;2014-2016;0
Guinée équatoriale;2015-2017;0
Guinée équatoriale;2016-2018;0
Guinée équatoriale;2017-2019;0
Guinée-Bissau;2012-2014;0
Guinée-Bissau;2013-2015;0
Guinée-Bissau;2014-2016;0
Guinée-Bissau;2015-2017;0
Guinée-Bissau;2016-2018;0
Guinée-Bissau;2017-2019;0
Guyana;2012-2014;0
Guyana;2013-2015;0
Guyana;2014-2016;0
Guyana;2015-2017;0
Guyana;2016-2018;0
Guyana;2017-2019;0
Haïti;2012-2014;5.1
Haïti;2013-2015;5.1
Haïti;2014-2016;5.1
Haïti;2015-2017;5.2
Haïti;2016-2018;5.3
Haïti;2017-2019;5.4
Honduras;2012-2014;1.7
Honduras;2013-2015;1.5
Honduras;2014-2016;1.4
Honduras;2015-2017;1.3
Honduras;2016-2018;1.3
Honduras;2017-2019;1.3
Hongrie;2012-2014;0
Hongrie;2013-2015;0
Hongrie;2014-2016;0
Hongrie;2015-2017;0
Hongrie;2016-2018;0
Hongrie;2017-2019;0
Îles Cook;2012-2014;0
Îles Cook;2013-2015;0
Îles Cook;2014-2016;0
Îles Cook;2015-2017;0
Îles Cook;2016-2018;0
Îles Cook;2017-2019;0
Îles Marshall;2012-2014;0
Îles Marshall;2013-2015;0
Îles Marshall;2014-2016;0
Îles Marshall;2015-2017;0
Îles Marshall;2016-2018;0
Îles Marshall;2017-2019;0
Îles Salomon;2012-2014;0
Îles Salomon;2013-2015;0
Îles Salomon;2014-2016;0
Îles Salomon;2015-2017;0
Îles Salomon;2016-2018;0
Îles Salomon;2017-2019;0
Inde;2012-2014;203.8
Inde;2013-2015;198.3
Inde;2014-2016;193.1
Inde;2015-2017;190.9
Inde;2016-2018;190.1
Inde;2017-2019;189.2
Indonésie;2012-2014;22.4
Indonésie;2013-2015;23.6
Indonésie;2014-2016;24
Indonésie;2015-2017;24
Indonésie;2016-2018;23.6
Indonésie;2017-2019;24.1
Iran (République islamique d');2012-2014;3.6
Iran (République islamique d');2013-2015;3.7
Iran (République islamique d');2014-2016;3.9
Iran (République islamique d');2015-2017;3.9
Iran (République islamique d');2016-2018;3.9
Iran (République islamique d');2017-2019;3.9
Iraq;2012-2014;7.3
Iraq;2013-2015;7.8
Iraq;2014-2016;8.4
Iraq;2015-2017;8.8
Iraq;2016-2018;9
Iraq;2017-2019;9.1
Irlande;2012-2014;0
Irlande;2013-2015;0
Irlande;2014-2016;0
Irlande;2015-2017;0
Irlande;2016-2018;0
Irlande;2017-2019;0
Islande;2012-2014;0
Islande;2013-2015;0
Islande;2014-2016;0
Islande;2015-2017;0
Islande;2016-2018;0
Islande;2017-2019;0
Israël;2012-2014;0
Israël;2013-2015;0
Israël;2014-2016;0
Israël;2015-2017;0
Israël;2016-2018;0
Israël;2017-2019;0
Italie;2012-2014;0
Italie;2013-2015;0
Italie;2014-2016;0
Italie;2015-2017;0
Italie;2016-2018;0
Italie;2017-2019;0
Jamaïque;2012-2014;0.3
Jamaïque;2013-2015;0.3
Jamaïque;2014-2016;0.3
Jamaïque;2015-2017;0.3
Jamaïque;2016-2018;0.3
Jamaïque;2017-2019;0.3
Japon;2012-2014;0
Japon;2013-2015;0
Japon;2014-2016;0
Japon;2015-2017;0
Japon;2016-2018;0
Japon;2017-2019;0
Jordanie;2012-2014;0.8
Jordanie;2013-2015;0.8
Jordanie;2014-2016;0.8
Jordanie;2015-2017;0.8
Jordanie;2016-2018;0.8
Jordanie;2017-2019;0.9
Kazakhstan;2012-2014;0.5
Kazakhstan;2013-2015;0
Kazakhstan;2014-2016;0
Kazakhstan;2015-2017;0
Kazakhstan;2016-2018;0
Kazakhstan;2017-2019;0
Kenya;2012-2014;10.1
Kenya;2013-2015;10
Kenya;2014-2016;10.7
Kenya;2015-2017;11.5
Kenya;2016-2018;11.9
Kenya;2017-2019;11.8
Kirghizistan;2012-2014;0.4
Kirghizistan;2013-2015;0.4
Kirghizistan;2014-2016;0.4
Kirghizistan;2015-2017;0.4
Kirghizistan;2016-2018;0.4
Kirghizistan;2017-2019;0.4
Kiribati;2012-2014;0
Kiribati;2013-2015;0
Kiribati;2014-2016;0
Kiribati;2015-2017;0
Kiribati;2016-2018;0
Kiribati;2017-2019;0
Koweït;2012-2014;0
Koweït;2013-2015;0
Koweït;2014-2016;0
Koweït;2015-2017;0
Koweït;2016-2018;0
Koweït;2017-2019;0
Lesotho;2012-2014;0.3
Lesotho;2013-2015;0.5
Lesotho;2014-2016;0.8
Lesotho;2015-2017;0.8
Lesotho;2016-2018;0.8
Lesotho;2017-2019;0.7
Lettonie;2012-2014;0
Lettonie;2013-2015;0
Lettonie;2014-2016;0
Lettonie;2015-2017;0
Lettonie;2016-2018;0
Lettonie;2017-2019;0
Liban;2012-2014;0.7
Liban;2013-2015;0.6
Liban;2014-2016;0.4
Liban;2015-2017;0.4
Liban;2016-2018;0.4
Liban;2017-2019;0.4
Libéria;2012-2014;1.5
Libéria;2013-2015;1.6
Libéria;2014-2016;1.7
Libéria;2015-2017;1.8
Libéria;2016-2018;1.8
Libéria;2017-2019;1.8
Libye;2012-2014;0
Libye;2013-2015;0
Libye;2014-2016;0
Libye;2015-2017;0
Libye;2016-2018;0
Libye;2017-2019;0
Lituanie;2012-2014;0
Lituanie;2013-2015;0
Lituanie;2014-2016;0
Lituanie;2015-2017;0
Lituanie;2016-2018;0
Lituanie;2017-2019;0
Luxembourg;2012-2014;0
Luxembourg;2013-2015;0
Luxembourg;2014-2016;0
Luxembourg;2015-2017;0
Luxembourg;2016-2018;0
Luxembourg;2017-2019;0
Macédoine du Nord;2012-2014;0
Macédoine du Nord;2013-2015;0
Macédoine du Nord;2014-2016;0
Macédoine du Nord;2015-2017;0
Macédoine du Nord;2016-2018;0
Macédoine du Nord;2017-2019;0
Madagascar;2012-2014;7.6
Madagascar;2013-2015;8.7
Madagascar;2014-2016;9.7
Madagascar;2015-2017;10.3
Madagascar;2016-2018;10.5
Madagascar;2017-2019;11
Malaisie;2012-2014;1
Malaisie;2013-2015;1.1
Malaisie;2014-2016;1.2
Malaisie;2015-2017;1.1
Malaisie;2016-2018;1
Malaisie;2017-2019;0.9
Malawi;2012-2014;2.7
Malawi;2013-2015;2.7
Malawi;2014-2016;2.9
Malawi;2015-2017;2.9
Malawi;2016-2018;3.3
Malawi;2017-2019;3.4
Maldives;2012-2014;0
Maldives;2013-2015;0
Maldives;2014-2016;0
Maldives;2015-2017;0
Maldives;2016-2018;0
Maldives;2017-2019;0
Mali;2012-2014;1.1
Mali;2013-2015;1
Mali;2014-2016;0.9
Mali;2015-2017;0.9
Mali;2016-2018;1
Mali;2017-2019;1
Malte;2012-2014;0
Malte;2013-2015;0
Malte;2014-2016;0
Malte;2015-2017;0
Malte;2016-2018;0
Malte;2017-2019;0
Maroc;2012-2014;1.5
Maroc;2013-2015;1.4
Maroc;2014-2016;1.3
Maroc;2015-2017;1.3
Maroc;2016-2018;1.4
Maroc;2017-2019;1.6
Maurice;2012-2014;0
Maurice;2013-2015;0
Maurice;2014-2016;0
Maurice;2015-2017;0
Maurice;2016-2018;0
Maurice;2017-2019;0
Mauritanie;2012-2014;0.3
Mauritanie;2013-2015;0.3
Mauritanie;2014-2016;0.4
Mauritanie;2015-2017;0.5
Mauritanie;2016-2018;0.5
Mauritanie;2017-2019;0.5
Mexique;2012-2014;4.9
Mexique;2013-2015;5.5
Mexique;2014-2016;6.8
Mexique;2015-2017;7.9
Mexique;2016-2018;8.4
Mexique;2017-2019;9
Micronésie (États fédérés de);2012-2014;0
Micronésie (États fédérés de);2013-2015;0
Micronésie (États fédérés de);2014-2016;0
Micronésie (États fédérés de);2015-2017;0
Micronésie (États fédérés de);2016-2018;0
Micronésie (États fédérés de);2017-2019;0
Mongolie;2012-2014;0.5
Mongolie;2013-2015;0.6
Mongolie;2014-2016;0.6
Mongolie;2015-2017;0.6
Mongolie;2016-2018;0.6
Mongolie;2017-2019;0.7
Monténégro;2012-2014;0
Monténégro;2013-2015;0
Monténégro;2014-2016;0
Monténégro;2015-2017;0
Monténégro;2016-2018;0
Monténégro;2017-2019;0
Mozambique;2012-2014;5.9
Mozambique;2013-2015;7
Mozambique;2014-2016;8.4
Mozambique;2015-2017;9.2
Mozambique;2016-2018;9.4
Mozambique;2017-2019;9.6
Myanmar;2012-2014;6.7
Myanmar;2013-2015;7.1
Myanmar;2014-2016;7.3
Myanmar;2015-2017;7.2
Myanmar;2016-2018;7.3
Myanmar;2017-2019;7.6
Namibie;2012-2014;0.5
Namibie;2013-2015;0.4
Namibie;2014-2016;0.3
Namibie;2015-2017;0.3
Namibie;2016-2018;0.3
Namibie;2017-2019;0.4
Nauru;2012-2014;0
Nauru;2013-2015;0
Nauru;2014-2016;0
Nauru;2015-2017;0
Nauru;2016-2018;0
Nauru;2017-2019;0
Népal;2012-2014;1.8
Népal;2013-2015;1.7
Népal;2014-2016;1.7
Népal;2015-2017;1.6
Népal;2016-2018;1.7
Népal;2017-2019;1.7
Nicaragua;2012-2014;1.1
Nicaragua;2013-2015;1.2
Nicaragua;2014-2016;1.2
Nicaragua;2015-2017;1.1
Nicaragua;2016-2018;1.1
Nicaragua;2017-2019;1.1
Niger;2012-2014;0
Niger;2013-2015;0
Niger;2014-2016;0
Niger;2015-2017;0
Niger;2016-2018;0
Niger;2017-2019;0
Nigéria;2012-2014;14.7
Nigéria;2013-2015;17.4
Nigéria;2014-2016;20.2
Nigéria;2015-2017;22.2
Nigéria;2016-2018;22.8
Nigéria;2017-2019;24.6
Nioué;2012-2014;0
Nioué;2013-2015;0
Nioué;2014-2016;0
Nioué;2015-2017;0
Nioué;2016-2018;0
Nioué;2017-2019;0
Norvège;2012-2014;0
Norvège;2013-2015;0
Norvège;2014-2016;0
Norvège;2015-2017;0
Norvège;2016-2018;0
Norvège;2017-2019;0
Nouvelle-Calédonie;2012-2014;0
Nouvelle-Calédonie;2013-2015;0
Nouvelle-Calédonie;2014-2016;0
Nouvelle-Calédonie;2015-2017;0
Nouvelle-Calédonie;2016-2018;0
Nouvelle-Calédonie;2017-2019;0
Nouvelle-Zélande;2012-2014;0
Nouvelle-Zélande;2013-2015;0
Nouvelle-Zélande;2014-2016;0
Nouvelle-Zélande;2015-2017;0
Nouvelle-Zélande;2016-2018;0
Nouvelle-Zélande;2017-2019;0
Oman;2012-2014;0.3
Oman;2013-2015;0.3
Oman;2014-2016;0.3
Oman;2015-2017;0.4
Oman;2016-2018;0.4
Oman;2017-2019;0.4
Ouganda;2012-2014;0
Ouganda;2013-2015;0
Ouganda;2014-2016;0
Ouganda;2015-2017;0
Ouganda;2016-2018;0
Ouganda;2017-2019;0
Ouzbékistan;2012-2014;2
Ouzbékistan;2013-2015;1.4
Ouzbékistan;2014-2016;0.9
Ouzbékistan;2015-2017;0.9
Ouzbékistan;2016-2018;0.9
Ouzbékistan;2017-2019;0.8
Pakistan;2012-2014;31.1
Pakistan;2013-2015;28.5
Pakistan;2014-2016;25.4
Pakistan;2015-2017;24.6
Pakistan;2016-2018;24.8
Pakistan;2017-2019;26.1
Palaos;2012-2014;0
Palaos;2013-2015;0
Palaos;2014-2016;0
Palaos;2015-2017;0
Palaos;2016-2018;0
Palaos;2017-2019;0
Palestine;2012-2014;0
Palestine;2013-2015;0
Palestine;2014-2016;0
Palestine;2015-2017;0
Palestine;2016-2018;0
Palestine;2017-2019;0
Panama;2012-2014;0.3
Panama;2013-2015;0.3
Panama;2014-2016;0.3
Panama;2015-2017;0.3
Panama;2016-2018;0.3
Panama;2017-2019;0.3
Papouasie-Nouvelle-Guinée;2012-2014;0
Papouasie-Nouvelle-Guinée;2013-2015;0
Papouasie-Nouvelle-Guinée;2014-2016;0
Papouasie-Nouvelle-Guinée;2015-2017;0
Papouasie-Nouvelle-Guinée;2016-2018;0
Papouasie-Nouvelle-Guinée;2017-2019;0
Paraguay;2012-2014;0.5
Paraguay;2013-2015;0.5
Paraguay;2014-2016;0.5
Paraguay;2015-2017;0.6
Paraguay;2016-2018;0.6
Paraguay;2017-2019;0.6
Pays-Bas;2012-2014;0
Pays-Bas;2013-2015;0
Pays-Bas;2014-2016;0
Pays-Bas;2015-2017;0
Pays-Bas;2016-2018;0
Pays-Bas;2017-2019;0
Pérou;2012-2014;1.7
Pérou;2013-2015;1.8
Pérou;2014-2016;2
Pérou;2015-2017;2.1
Pérou;2016-2018;2.2
Pérou;2017-2019;2.2
Philippines;2012-2014;14.5
Philippines;2013-2015;15.4
Philippines;2014-2016;16.5
Philippines;2015-2017;15.8
Philippines;2016-2018;15.7
Philippines;2017-2019;15.4
Pologne;2012-2014;0
Pologne;2013-2015;0
Pologne;2014-2016;0
Pologne;2015-2017;0
Pologne;2016-2018;0
Pologne;2017-2019;0
Polynésie française;2012-2014;0
Polynésie française;2013-2015;0
Polynésie française;2014-2016;0
Polynésie française;2015-2017;0
Polynésie française;2016-2018;0
Polynésie française;2017-2019;0
Porto Rico;2012-2014;0
Porto Rico;2013-2015;0
Porto Rico;2014-2016;0
Porto Rico;2015-2017;0
Porto Rico;2016-2018;0
Porto Rico;2017-2019;0
Portugal;2012-2014;0
Portugal;2013-2015;0
Portugal;2014-2016;0
Portugal;2015-2017;0
Portugal;2016-2018;0
Portugal;2017-2019;0
Qatar;2012-2014;0
Qatar;2013-2015;0
Qatar;2014-2016;0
Qatar;2015-2017;0
Qatar;2016-2018;0
Qatar;2017-2019;0
République arabe syrienne;2012-2014;0
République arabe syrienne;2013-2015;0
République arabe syrienne;2014-2016;0
République arabe syrienne;2015-2017;0
République arabe syrienne;2016-2018;0
République arabe syrienne;2017-2019;0
République centrafricaine;2012-2014;0
République centrafricaine;2013-2015;0
République centrafricaine;2014-2016;0
République centrafricaine;2015-2017;0
République centrafricaine;2016-2018;0
République centrafricaine;2017-2019;0
République de Corée;2012-2014;0
République de Corée;2013-2015;0
République de Corée;2014-2016;0
République de Corée;2015-2017;0
République de Corée;2016-2018;0
République de Corée;2017-2019;0
République de Moldova;2012-2014;0
République de Moldova;2013-2015;0
République de Moldova;2014-2016;0
République de Moldova;2015-2017;0
République de Moldova;2016-2018;0
République de Moldova;2017-2019;0
République démocratique du Congo;2012-2014;0
République démocratique du Congo;2013-2015;0
République démocratique du Congo;2014-2016;0
République démocratique du Congo;2015-2017;0
République démocratique du Congo;2016-2018;0
République démocratique du Congo;2017-2019;0
République démocratique populaire lao;2012-2014;0
République démocratique populaire lao;2013-2015;0
République démocratique populaire lao;2014-2016;0
République démocratique populaire lao;2015-2017;0
République démocratique populaire lao;2016-2018;0
République démocratique populaire lao;2017-2019;0
République dominicaine;2012-2014;0.9
République dominicaine;2013-2015;0.9
République dominicaine;2014-2016;0.8
République dominicaine;2015-2017;0.7
République dominicaine;2016-2018;0.6
République dominicaine;2017-2019;0.6
République populaire démocratique de Corée;2012-2014;10.3
République populaire démocratique de Corée;2013-2015;10.8
République populaire démocratique de Corée;2014-2016;11.2
République populaire démocratique de Corée;2015-2017;11.6
République populaire démocratique de Corée;2016-2018;12
République populaire démocratique de Corée;2017-2019;12.2
République-Unie de Tanzanie;2012-2014;13.5
République-Unie de Tanzanie;2013-2015;13.2
République-Unie de Tanzanie;2014-2016;12.8
République-Unie de Tanzanie;2015-2017;13
République-Unie de Tanzanie;2016-2018;13.4
République-Unie de Tanzanie;2017-2019;14.1
Roumanie;2012-2014;0
Roumanie;2013-2015;0
Roumanie;2014-2016;0
Roumanie;2015-2017;0
Roumanie;2016-2018;0
Roumanie;2017-2019;0
Royaume-Uni de Grande-Bretagne et d'Irlande du Nord;2012-2014;0
Royaume-Uni de Grande-Bretagne et d'Irlande du Nord;2013-2015;0
Royaume-Uni de Grande-Bretagne et d'Irlande du Nord;2014-2016;0
Royaume-Uni de Grande-Bretagne et d'Irlande du Nord;2015-2017;0
Royaume-Uni de Grande-Bretagne et d'Irlande du Nord;2016-2018;0
Royaume-Uni de Grande-Bretagne et d'Irlande du Nord;2017-2019;0
Rwanda;2012-2014;2.8
Rwanda;2013-2015;3.3
Rwanda;2014-2016;3.9
Rwanda;2015-2017;4.1
Rwanda;2016-2018;4.2
Rwanda;2017-2019;4.4
Sainte-Lucie;2012-2014;0
Sainte-Lucie;2013-2015;0
Sainte-Lucie;2014-2016;0
Sainte-Lucie;2015-2017;0
Sainte-Lucie;2016-2018;0
Sainte-Lucie;2017-2019;0
Saint-Kitts-et-Nevis;2012-2014;0
Saint-Kitts-et-Nevis;2013-2015;0
Saint-Kitts-et-Nevis;2014-2016;0
Saint-Kitts-et-Nevis;2015-2017;0
Saint-Kitts-et-Nevis;2016-2018;0
Saint-Kitts-et-Nevis;2017-2019;0
Saint-Vincent-et-les Grenadines;2012-2014;0
Saint-Vincent-et-les Grenadines;2013-2015;0
Saint-Vincent-et-les Grenadines;2014-2016;0
Saint-Vincent-et-les Grenadines;2015-2017;0
Saint-Vincent-et-les Grenadines;2016-2018;0
Saint-Vincent-et-les Grenadines;2017-2019;0
Samoa;2012-2014;0
Samoa;2013-2015;0
Samoa;2014-2016;0
Samoa;2015-2017;0
Samoa;2016-2018;0
Samoa;2017-2019;0
Samoa américaines;2012-2014;0
Samoa américaines;2013-2015;0
Samoa américaines;2014-2016;0
Samoa américaines;2015-2017;0
Samoa américaines;2016-2018;0
Samoa américaines;2017-2019;0
Sao Tomé-et-Principe;2012-2014;0
Sao Tomé-et-Principe;2013-2015;0
Sao Tomé-et-Principe;2014-2016;0
Sao Tomé-et-Principe;2015-2017;0
Sao Tomé-et-Principe;2016-2018;0
Sao Tomé-et-Principe;2017-2019;0
Sénégal;2012-2014;1.4
Sénégal;2013-2015;1.6
Sénégal;2014-2016;1.7
Sénégal;2015-2017;1.5
Sénégal;2016-2018;1.5
Sénégal;2017-2019;1.5
Serbie;2012-2014;0.3
Serbie;2013-2015;0.3
Serbie;2014-2016;0.4
Serbie;2015-2017;0.4
Serbie;2016-2018;0.4
Serbie;2017-2019;0.4
Seychelles;2012-2014;0
Seychelles;2013-2015;0
Seychelles;2014-2016;0
Seychelles;2015-2017;0
Seychelles;2016-2018;0
Seychelles;2017-2019;0
Sierra Leone;2012-2014;2.2
Sierra Leone;2013-2015;2.1
Sierra Leone;2014-2016;2
Sierra Leone;2015-2017;2
Sierra Leone;2016-2018;2
Sierra Leone;2017-2019;2
Singapour;2012-2014;0
Singapour;2013-2015;0
Singapour;2014-2016;0
Singapour;2015-2017;0
Singapour;2016-2018;0
Singapour;2017-2019;0
Slovaquie;2012-2014;0.2
Slovaquie;2013-2015;0.3
Slovaquie;2014-2016;0.3
Slovaquie;2015-2017;0.4
Slovaquie;2016-2018;0.3
Slovaquie;2017-2019;0.3
Slovénie;2012-2014;0
Slovénie;2013-2015;0
Slovénie;2014-2016;0
Slovénie;2015-2017;0
Slovénie;2016-2018;0
Slovénie;2017-2019;0
Somalie;2012-2014;0
Somalie;2013-2015;0
Somalie;2014-2016;0
Somalie;2015-2017;0
Somalie;2016-2018;0
Somalie;2017-2019;0
Soudan;2012-2014;5.9
Soudan;2013-2015;5.1
Soudan;2014-2016;4.4
Soudan;2015-2017;4.8
Soudan;2016-2018;5
Soudan;2017-2019;5.2
Soudan du Sud;2012-2014;0
Soudan du Sud;2013-2015;0
Soudan du Sud;2014-2016;0
Soudan du Sud;2015-2017;0
Soudan du Sud;2016-2018;0
Soudan du Sud;2017-2019;0
Sri Lanka;2012-2014;1.8
Sri Lanka;2013-2015;1.8
Sri Lanka;2014-2016;1.8
Sri Lanka;2015-2017;1.7
Sri Lanka;2016-2018;1.6
Sri Lanka;2017-2019;1.6
Suède;2012-2014;0
Suède;2013-2015;0
Suède;2014-2016;0
Suède;2015-2017;0
Suède;2016-2018;0
Suède;2017-2019;0
Suisse;2012-2014;0
Suisse;2013-2015;0
Suisse;2014-2016;0
Suisse;2015-2017;0
Suisse;2016-2018;0
Suisse;2017-2019;0
Suriname;2012-2014;0
Suriname;2013-2015;0
Suriname;2014-2016;0
Suriname;2015-2017;0
Suriname;2016-2018;0
Suriname;2017-2019;0
Tadjikistan;2012-2014;0
Tadjikistan;2013-2015;0
Tadjikistan;2014-2016;0
Tadjikistan;2015-2017;0
Tadjikistan;2016-2018;0
Tadjikistan;2017-2019;0
Tchad;2012-2014;4.9
Tchad;2013-2015;5
Tchad;2014-2016;5
Tchad;2015-2017;5.3
Tchad;2016-2018;5.7
Tchad;2017-2019;6.1
Tchéquie;2012-2014;0
Tchéquie;2013-2015;0
Tchéquie;2014-2016;0
Tchéquie;2015-2017;0
Tchéquie;2016-2018;0
Tchéquie;2017-2019;0
Thaïlande;2012-2014;6.2
Thaïlande;2013-2015;6
Thaïlande;2014-2016;5.9
Thaïlande;2015-2017;6
Thaïlande;2016-2018;6.2
Thaïlande;2017-2019;6.5
Timor-Leste;2012-2014;0.4
Timor-Leste;2013-2015;0.4
Timor-Leste;2014-2016;0.4
Timor-Leste;2015-2017;0.4
Timor-Leste;2016-2018;0.4
Timor-Leste;2017-2019;0.4
Togo;2012-2014;1.5
Togo;2013-2015;1.5
Togo;2014-2016;1.6
Togo;2015-2017;1.6
Togo;2016-2018;1.6
Togo;2017-2019;1.6
Tokélaou;2012-2014;0
Tokélaou;2013-2015;0
Tokélaou;2014-2016;0
Tokélaou;2015-2017;0
Tokélaou;2016-2018;0
Tokélaou;2017-2019;0
Tonga;2012-2014;0
Tonga;2013-2015;0
Tonga;2014-2016;0
Tonga;2015-2017;0
Tonga;2016-2018;0
Tonga;2017-2019;0
Trinité-et-Tobago;2012-2014;0
Trinité-et-Tobago;2013-2015;0
Trinité-et-Tobago;2014-2016;0
Trinité-et-Tobago;2015-2017;0
Trinité-et-Tobago;2016-2018;0
Trinité-et-Tobago;2017-2019;0
Tunisie;2012-2014;0.3
Tunisie;2013-2015;0.3
Tunisie;2014-2016;0
Tunisie;2015-2017;0
Tunisie;2016-2018;0
Tunisie;2017-2019;0
Turkménistan;2012-2014;0.3
Turkménistan;2013-2015;0.2
Turkménistan;2014-2016;0.2
Turkménistan;2015-2017;0.2
Turkménistan;2016-2018;0.2
Turkménistan;2017-2019;0.2
Turquie;2012-2014;0
Turquie;2013-2015;0
Turquie;2014-2016;0
Turquie;2015-2017;0
Turquie;2016-2018;0
Turquie;2017-2019;0
Tuvalu;2012-2014;0
Tuvalu;2013-2015;0
Tuvalu;2014-2016;0
Tuvalu;2015-2017;0
Tuvalu;2016-2018;0
Tuvalu;2017-2019;0
Ukraine;2012-2014;0
Ukraine;2013-2015;0
Ukraine;2014-2016;1.3
Ukraine;2015-2017;0
Ukraine;2016-2018;1.5
Ukraine;2017-2019;1.6
Uruguay;2012-2014;0
Uruguay;2013-2015;0
Uruguay;2014-2016;0
Uruguay;2015-2017;0
Uruguay;2016-2018;0
Uruguay;2017-2019;0
Vanuatu;2012-2014;0
Vanuatu;2013-2015;0
Vanuatu;2014-2016;0
Vanuatu;2015-2017;0
Vanuatu;2016-2018;0
Vanuatu;2017-2019;0
Venezuela (République bolivarienne du);2012-2014;1.4
Venezuela (République bolivarienne du);2013-2015;2.6
Venezuela (République bolivarienne du);2014-2016;4.2
Venezuela (République bolivarienne du);2015-2017;6.2
Venezuela (République bolivarienne du);2016-2018;8
Venezuela (République bolivarienne du);2017-2019;9.1
Viet Nam;2012-2014;8.9
Viet Nam;2013-2015;8.3
Viet Nam;2014-2016;7.6
Viet Nam;2015-2017;7.1
Viet Nam;2016-2018;6.5
Viet Nam;2017-2019;6.1
Yémen;2012-2014;0
Yémen;2013-2015;0
Yémen;2014-2016;0
Yémen;2015-2017;0
Yémen;2016-2018;0
Yémen;2017-2019;0
Zambie;2012-2014;0
Zambie;2013-2015;0
Zambie;2014-2016;0
Zambie;2015-2017;0
Zambie;2016-2018;0
Zambie;2017-2019;0
Zimbabwe;2012-2014;0
Zimbabwe;2013-2015;0
Zimbabwe;2014-2016;0
Zimbabwe;2015-2017;0
Zimbabwe;2016-2018;0
Zimbabwe;2017-2019;0
